"","Df","SumsOfSqs","MeanSqs","F.Model","R2","Pr(>F)"
"Location",1,2.4538507087927,2.4538507087927,30.4158385768205,0.161012862899207,0.001
"Origin",1,2.51400462340327,2.51400462340327,31.1614551499898,0.164959946546691,0.001
"WormSex",1,0.789946705656376,0.789946705656376,9.79150499964879,0.0518334632827392,0.001
"Gen.Dom",5,4.96439166904447,0.992878333808894,12.3068722230506,0.325745536320379,0.001
"Residuals",56,4.51789745481862,0.0806767402646182,NA,0.296448190950984,NA
"Total",64,15.2400911617154,NA,NA,1,NA
