"","Df","SumsOfSqs","MeanSqs","F.Model","R2","Pr(>F)"
"AnimalSpecies",1,1.02029222335437,1.02029222335437,10.1980478125548,0.0933745371391662,0.001
"System",8,4.95985642389783,0.619982052987229,6.19685858087118,0.453913386045016,0.001
"AnimalSpecies:System",7,1.14491355551055,0.16355907935865,1.63480939410987,0.104779563014492,0.039
"Residuals",38,3.8018163083855,0.100047797589092,NA,0.347932513801326,NA
"Total",54,10.9268785111483,NA,NA,1,NA
