"","Df","SumsOfSqs","MeanSqs","F.Model","R2","Pr(>F)"
"AnimalSpecies",1,1.2072560940765,1.2072560940765,9.78711161442495,0.112632532692865,0.001
"System",6,4.33051388428931,0.721752314048218,5.85117813048851,0.4040209438928,0.001
"Residuals",42,5.18076813147617,0.123351622178004,NA,0.483346523414334,NA
"Total",49,10.718538109842,NA,NA,1,NA
