"","Df","SumsOfSqs","MeanSqs","F.Model","R2","Pr(>F)"
"Location",1,2.55553990346983,2.55553990346983,36.3404715666771,0.184437282280169,0.001
"System",6,3.36696923541498,0.561161539235831,7.97986951141858,0.242999396901497,0.001
"WormSex",1,0.747627400630156,0.747627400630156,10.6314647085649,0.0539574301865489,0.001
"Gen.Dom",5,4.02124180833358,0.804248361666715,11.4366301539697,0.29021926423979,0.001
"Residuals",45,3.16449651582376,0.0703221447960836,NA,0.228386626391995,NA
"Total",58,13.8558748636723,NA,NA,1,NA
