"","Df","SumsOfSqs","MeanSqs","F.Model","R2","Pr(>F)"
"AnimalSpecies",1,1.13386917383385,1.13386917383385,10.0930740057258,0.0927201974040344,0.001
"System",8,5.5562848020213,0.694535600252663,6.18237039574768,0.45435561312115,0.001
"AnimalSpecies:System",7,1.26981016857528,0.181401452653611,1.61473504054123,0.103836537947192,0.033
"Residuals",38,4.26896984815957,0.112341311793673,NA,0.349087651527624,NA
"Total",54,12.22893399259,NA,NA,1,NA
