"","Df","SumsOfSqs","MeanSqs","F.Model","R2","Pr(>F)"
"AnimalSpecies",1,0.909742019609562,0.909742019609562,5.57875388304681,0.088237887090641,0.001
"Origin",1,2.06209659155321,2.06209659155321,12.6452654921692,0.200007301293568,0.001
"Residuals",45,7.33826796102932,0.163072621356207,NA,0.711754811615792,NA
"Total",47,10.3101065721921,NA,NA,1,NA
