"","Df","SumsOfSqs","MeanSqs","F.Model","R2","Pr(>F)"
"InfectionStatus",1,3.80428750209524,3.80428750209524,22.5700003246956,0.156798352618769,0.001
"Compartment",4,3.35249894201656,0.838124735504139,4.97240956211786,0.138177335696855,0.001
"Origin",1,2.60977192133466,2.60977192133466,15.4832023288103,0.107564935024133,0.001
"Residuals",86,14.4957341813686,0.168555048620565,NA,0.597459376660244,NA
"Total",92,24.2622925468151,NA,NA,1,NA
