"","Df","SumsOfSqs","MeanSqs","F.Model","R2","Pr(>F)"
"AnimalSpecies",1,0.809245400120667,0.809245400120667,3.8503251840062,0.0405255741176747,0.001
"System",8,8.77976052878955,1.09747006609869,5.22167519711902,0.439674832865088,0.001
"Gen.Dom",5,1.84694204414672,0.369388408829344,1.75752063957796,0.0924915812804828,0.002
"AnimalSpecies:System",6,1.38683128426082,0.231138547376803,1.09973880583913,0.0694500506158471,0.098
"Residuals",34,7.14597918076999,0.210175858257941,NA,0.357857961120907,NA
"Total",54,19.9687584380877,NA,NA,1,NA
