"","Df","SumsOfSqs","MeanSqs","F.Model","R2","Pr(>F)"
"Location",1,2.4538507087927,2.4538507087927,37.8537512890284,0.161012862899207,0.001
"System",8,4.85242665184034,0.606553331480042,9.35685242427548,0.318398794360896,0.001
"WormSex",1,0.690900322548378,0.690900322548378,10.6580114599242,0.0453343956553216,0.001
"Gen.Dom",5,4.06651270882503,0.813302541765005,12.5462205293875,0.266829946466495,0.001
"Residuals",49,3.17640076970899,0.0648245055042652,NA,0.208424000618081,NA
"Total",64,15.2400911617154,NA,NA,1,NA
