"","Df","SumsOfSqs","MeanSqs","F.Model","R2","Pr(>F)"
"AnimalSpecies",1,0.809245400120667,0.809245400120667,3.65988039801688,0.0405255741176747,0.001
"System",8,8.77976052878955,1.09747006609869,4.96340069616211,0.439674832865088,0.001
"AnimalSpecies:System",7,1.97747651642978,0.282496645204254,1.27761484233882,0.0990285160973255,0.008
"Residuals",38,8.40227599274776,0.221112526124941,NA,0.420771076919912,NA
"Total",54,19.9687584380877,NA,NA,1,NA
