"","Df","SumsOfSqs","MeanSqs","F.Model","R2","Pr(>F)"
"Compartment",4,4.79030708638732,1.19757677159683,9.33042776061547,0.314469005703275,0.001
"InfectionStatus",1,1.04648204239048,1.04648204239048,8.15323520870095,0.0686983446827521,0.001
"System",12,3.74873597885685,0.312394664904738,2.43389478054824,0.24609304887054,0.001
"Residuals",44,5.64747718991875,0.128351754316335,NA,0.370739600743433,NA
"Total",61,15.2330022975534,NA,NA,1,NA
