"","Df","SumsOfSqs","MeanSqs","F.Model","R2","Pr(>F)"
"AnimalSpecies",1,0.909742019609562,0.909742019609562,6.63835280965353,0.088237887090641,0.001
"System",6,3.9186310822758,0.653105180379301,4.7656835847056,0.380076680569427,0.001
"Residuals",40,5.48173347030673,0.137043336757668,NA,0.531685432339932,NA
"Total",47,10.3101065721921,NA,NA,1,NA
