"","Df","SumsOfSqs","MeanSqs","F.Model","R2","Pr(>F)"
"AnimalSpecies",1,1.2072560940765,1.2072560940765,14.7326381227204,0.112632532692865,0.001
"Origin",1,2.51758898777819,2.51758898777819,30.7231644393187,0.234881749915736,0.001
"Gen.Dom",6,3.63397568172311,0.605662613620519,7.3911477065335,0.339036503344269,0.001
"Residuals",41,3.35971734626418,0.0819443255186385,NA,0.31344921404713,NA
"Total",49,10.718538109842,NA,NA,1,NA
