"","Df","SumsOfSqs","MeanSqs","F.Model","R2","Pr(>F)"
"AnimalSpecies",1,0.438055232328862,0.438055232328862,2.75323024970083,0.0260248845856509,0.079
"System",7,5.54151406315257,0.791644866164653,4.97558397135776,0.329221644395377,0.001
"Gen.Dom",6,2.73819688334548,0.456366147224246,2.86831657003,0.162676422064414,0.001
"Residuals",51,8.11440192886139,0.159105920173753,NA,0.482077048954557,NA
"Total",65,16.8321681076883,NA,NA,1,NA
