"","Df","SumsOfSqs","MeanSqs","F.Model","R2","Pr(>F)"
"Location",1,2.4538507087927,2.4538507087927,15.7857339384072,0.161012862899207,0.002
"Origin",1,2.51400462340327,2.51400462340327,16.1727068247338,0.164959946546691,0.002
"WormSex",1,0.789946705656376,0.789946705656376,5.08176331849789,0.0518334632827392,0.002
"Residuals",61,9.48228912386309,0.15544736268628,NA,0.622193727271363,NA
"Total",64,15.2400911617154,NA,NA,1,NA
