"","Df","SumsOfSqs","MeanSqs","F.Model","R2","Pr(>F)"
"AnimalSpecies",1,0.809245400120667,0.809245400120667,3.508372957181,0.0405255741176747,0.001
"System",8,8.77976052878955,1.09747006609869,4.75793164921564,0.439674832865088,0.001
"Residuals",45,10.3797525091775,0.230661166870612,NA,0.519799593017237,NA
"Total",54,19.9687584380877,NA,NA,1,NA
