"","Df","SumsOfSqs","MeanSqs","F.Model","R2","Pr(>F)"
"WormSex",1,0.109832542083989,0.109832542083989,0.970363478588733,0.0120411980867173,0.39
"System",8,4.82364453722848,0.60295556715356,5.32707383873677,0.528827415541965,0.002
"Residuals",37,4.18791942068744,0.113187011369931,NA,0.459131386371317,NA
"Total",46,9.12139649999991,NA,NA,1,NA
