"","Df","SumsOfSqs","MeanSqs","F.Model","R2","Pr(>F)"
"Location",1,2.55553990346983,2.55553990346983,17.7820273170712,0.184437282280169,0.001
"System",6,3.36696923541498,0.561161539235831,3.90468949689757,0.242999396901497,0.003
"WormSex",1,0.747627400630156,0.747627400630156,5.2021613291758,0.0539574301865489,0.002
"Residuals",50,7.18573832415734,0.143714766483147,NA,0.518605890631785,NA
"Total",58,13.8558748636723,NA,NA,1,NA
