"","Df","SumsOfSqs","MeanSqs","F.Model","R2","Pr(>F)"
"AnimalSpecies",1,1.02029222335437,1.02029222335437,21.3291775326262,0.0933745371391662,0.001
"System",8,4.95985642389783,0.619982052987229,12.9607057395103,0.453913386045016,0.001
"Gen.Dom",5,3.03330920471934,0.606661840943868,12.6822471166355,0.277600707432098,0.001
"Residuals",40,1.91342065917671,0.0478355164794179,NA,0.17511136938372,NA
"Total",54,10.9268785111483,NA,NA,1,NA
