"","Df","SumsOfSqs","MeanSqs","F.Model","R2","Pr(>F)"
"System",8,4.85242665184034,0.606553331480043,10.2092585286358,0.531982865983338,0.001
"WormSex",1,0.0810504274721309,0.0810504274721309,1.36420777032144,0.00888574764534484,0.229
"Gen.Dom",4,2.22732062864999,0.556830157162498,9.372338318778,0.244186362104752,0.001
"Residuals",33,1.96059879203745,0.0594120846071954,NA,0.214945024266566,NA
"Total",46,9.12139649999991,NA,NA,1,NA
