"","Df","SumsOfSqs","MeanSqs","F.Model","R2","Pr(>F)"
"AnimalSpecies",1,0.438055232328862,0.438055232328862,2.3007529048858,0.0260248845856509,0.102
"System",7,5.54151406315257,0.791644866164653,4.15787574499027,0.329221644395377,0.005
"Residuals",57,10.8525988122069,0.190396470389594,NA,0.644753471018972,NA
"Total",65,16.8321681076883,NA,NA,1,NA
