"","Df","SumsOfSqs","MeanSqs","F.Model","R2","Pr(>F)"
"AnimalSpecies",1,1.02029222335437,1.02029222335437,9.28151552928854,0.0933745371391662,0.001
"System",8,4.95985642389783,0.619982052987229,5.63992640634147,0.453913386045016,0.001
"Residuals",45,4.94672986389606,0.109927330308801,NA,0.452712076815817,NA
"Total",54,10.9268785111483,NA,NA,1,NA
