"","Df","SumsOfSqs","MeanSqs","F.Model","R2","Pr(>F)"
"AnimalSpecies",1,1.13386917383385,1.13386917383385,9.21215731051951,0.0927201974040344,0.001
"System",8,5.5562848020213,0.694535600252663,5.6427772753095,0.45435561312115,0.001
"Residuals",45,5.53878001673485,0.123084000371886,NA,0.452924189474816,NA
"Total",54,12.22893399259,NA,NA,1,NA
