"","Df","SumsOfSqs","MeanSqs","F.Model","R2","Pr(>F)"
"AnimalSpecies",1,0.909742019609562,0.909742019609562,10.3514953792653,0.088237887090641,0.001
"Origin",1,2.06209659155321,2.06209659155321,23.4635565676333,0.200007301293568,0.001
"Gen.Dom",5,3.82286468342431,0.764572936684861,8.69968963794962,0.370788086103314,0.001
"Residuals",40,3.51540327760501,0.0878850819401253,NA,0.340966725512477,NA
"Total",47,10.3101065721921,NA,NA,1,NA
