"","Df","SumsOfSqs","MeanSqs","F.Model","R2","Pr(>F)"
"AnimalSpecies",1,0.809245400120667,0.809245400120667,3.79357025888302,0.0405255741176747,0.001
"System",8,8.77976052878955,1.09747006609869,5.14470616965582,0.439674832865088,0.001
"Gen.Dom",5,1.84694204414672,0.369388408829344,1.73161426867817,0.0924915812804828,0.001
"Residuals",40,8.53281046503081,0.21332026162577,NA,0.427308011736754,NA
"Total",54,19.9687584380877,NA,NA,1,NA
