"","Df","SumsOfSqs","MeanSqs","F.Model","R2","Pr(>F)"
"AnimalSpecies",1,1.2072560940765,1.2072560940765,8.1131722817301,0.112632532692865,0.001
"Origin",1,2.51758898777819,2.51758898777819,16.9190557766914,0.234881749915736,0.001
"Residuals",47,6.99369302798729,0.148801979318879,NA,0.652485717391398,NA
"Total",49,10.718538109842,NA,NA,1,NA
