"","Df","SumsOfSqs","MeanSqs","F.Model","R2","Pr(>F)"
"AnimalSpecies",1,1.13386917383385,1.13386917383385,17.3307711367436,0.0927201974040344,0.001
"System",8,5.5562848020213,0.694535600252663,10.6157198838034,0.45435561312115,0.001
"Gen.Dom",5,2.92177200275238,0.584354400550477,8.93164097974965,0.238922869689443,0.001
"Residuals",40,2.61700801398247,0.0654252003495617,NA,0.214001319785373,NA
"Total",54,12.22893399259,NA,NA,1,NA
