"","Df","SumsOfSqs","MeanSqs","F.Model","R2","Pr(>F)"
"InfectionStatus",1,0.0760801048121211,0.0760801048121211,3.47698979104617,0.0880185801037392,0.051
"Origin",1,0.088091201764874,0.088091201764874,4.02591728775664,0.101914456060803,0.051
"Residuals",32,0.700192839293714,0.0218810262279286,NA,0.810066963835458,NA
"Total",34,0.86436414587071,NA,NA,1,NA
